ph,turbidity,tds,temperature,label
6.43,2.76,424.14,20.52,1
8.88,9.41,398.42,29.24,1
7.91,5.87,115.31,34.16,1
9.4,5.76,270.93,20.43,1
5.88,0.2,721.65,23.56,1
9.46,6.02,135.59,33.98,1
8.51,9.02,149.76,22.12,1
9.01,8.04,283.46,33.98,1
5.78,4.22,640.08,27.3,1
4.56,6.97,645.55,23.91,1
7.83,3.8,453.26,32.78,0
5.75,6.72,294.4,21.58,1
5.46,4.81,412.43,26.21,1
8.06,9.41,835.32,23.66,1
9.69,4.71,348.39,21.31,1
7.32,8.38,469.24,27.06,1
5.14,8.2,885.88,24.86,1
7.58,0.27,370.79,39.9,0
4.59,9.91,154.56,26.65,1
6.01,2.73,490.91,26.12,1
7.08,5.19,632.95,37.37,1
6.97,8.74,618.85,32.62,1
5.45,4.9,426.1,25.88,1
8.73,4.87,299.27,39.12,1
5.13,3.14,972.17,34.53,1
9.42,1.98,895.86,21.69,1
8.32,4.96,846.28,34.57,1
5.21,1.89,360.91,25.45,1
9.34,7.95,160.51,38.27,1
5.85,4.38,896.16,26.76,1
7.18,0.42,872.94,22.08,1
6.3,8.26,478.2,39.23,1
6.26,7.02,753.04,25.06,1
7.54,7.7,954.3,31.46,1
9.84,8.92,994.04,34.09,1
9.41,9.06,767.66,21.81,1
4.63,6.7,192.71,38.27,1
4.28,9.36,639.25,38.09,1
5.73,3.22,617.62,22.5,1
8.88,2.75,401.25,26.33,1
8.04,5.08,923.86,29.61,1
5.53,4.13,265.45,28.04,1
4.24,6.69,996.08,27.08,1
7.44,9.94,668.87,31.65,1
5.02,5.62,668.71,22.41,1
7.26,1.86,153.11,34.21,0
6.32,8.66,919.81,37.14,1
6.57,9.16,415.85,24.11,1
7.66,4.16,905.21,35.27,1
4.2,5.45,797.37,29.87,1
8.73,1.35,862.74,27.5,1
8.87,8.57,740.93,20.84,1
4.6,3.01,948.11,38.54,1
7.98,2.85,281.44,28.25,0
7.13,2.09,771.25,22.71,1
4.79,0.88,377.5,25.78,1
9.8,1.01,326.07,36.64,1
4.85,0.55,421.52,34.41,1
4.39,7.68,951.03,37.86,1
8.74,5.85,915.96,36.56,1
7.84,8.9,643.47,35.86,1
7.29,3.15,134.75,36.49,0
6.0,4.92,326.7,31.12,1
5.48,1.33,585.12,36.4,1
4.62,2.77,734.13,25.89,1
8.09,0.8,454.09,39.64,0
7.75,9.61,194.37,20.47,1
4.52,5.58,369.21,24.36,1
9.47,4.83,165.09,38.56,1
6.46,6.8,711.35,36.27,1
4.69,5.05,493.62,26.51,1
7.71,5.13,154.15,25.26,1
7.91,5.01,831.36,37.93,1
6.01,6.74,375.12,23.56,1
5.16,1.23,283.23,36.74,1
9.65,9.4,377.22,33.56,1
7.72,7.51,402.93,31.4,1
8.71,4.37,278.52,39.43,1
9.07,3.28,321.09,30.38,1
5.67,3.85,805.53,29.95,1
4.99,4.07,455.39,25.31,1
8.73,3.07,339.31,33.71,1
9.52,7.99,799.26,20.55,1
7.6,1.89,168.81,29.41,0
7.38,8.22,766.96,33.11,1
6.84,4.52,335.34,21.21,0
8.26,3.6,388.74,34.05,0
7.57,6.0,230.67,34.26,1
8.87,8.64,814.43,26.89,1
5.45,8.76,856.59,23.33,1
5.21,8.46,307.13,39.86,1
7.33,5.31,586.13,24.98,1
6.13,8.68,851.8,39.58,1
9.43,6.36,596.22,20.37,1
4.62,0.35,717.31,25.91,1
8.91,8.23,935.83,36.4,1
6.06,2.74,161.96,28.1,1
6.32,0.83,368.42,25.49,1
5.08,5.87,648.29,30.82,1
4.02,7.34,211.23,37.08,1
8.05,7.77,139.88,36.51,1
5.87,0.07,389.47,28.52,1
8.88,5.89,343.01,23.84,1
5.06,0.99,663.82,37.19,1
4.72,7.84,984.09,39.55,1
8.3,0.39,451.65,39.52,0
4.95,3.96,857.06,22.71,1
5.64,0.38,254.01,26.52,1
5.5,7.72,856.94,26.4,1
7.79,6.22,414.63,24.44,1
8.66,1.14,484.65,37.15,1
7.07,5.07,575.97,21.43,1
4.69,6.9,803.81,31.88,1
4.02,3.22,604.05,23.24,1
8.24,0.2,144.15,25.95,0
6.85,8.33,776.78,24.44,1
5.8,0.6,160.38,37.4,1
7.38,5.13,553.29,25.63,1
9.35,4.61,657.67,32.63,1
4.95,9.6,644.11,26.64,1
5.36,0.75,752.81,39.7,1
6.46,7.28,865.25,30.5,1
5.97,1.73,730.15,37.26,1
4.45,3.99,408.76,25.16,1
7.64,8.44,956.85,25.42,1
8.24,8.42,389.36,26.77,1
9.18,0.76,788.31,31.42,1
5.91,2.48,788.61,36.43,1
7.6,3.38,562.89,24.23,1
7.03,6.2,976.95,30.65,1
4.54,0.36,535.88,32.47,1
4.83,2.56,858.88,36.82,1
6.88,5.95,800.7,21.36,1
5.04,0.32,319.04,36.9,1
6.26,3.36,557.66,25.71,1
8.45,7.53,883.52,31.82,1
9.18,8.05,240.3,35.2,1
5.13,2.99,252.15,39.02,1
4.05,7.58,124.85,35.82,1
4.59,7.17,324.29,22.25,1
9.96,2.89,898.52,33.95,1
5.1,7.89,668.36,34.28,1
8.56,9.29,107.82,39.14,1
7.92,2.83,348.86,37.09,0
9.6,7.64,179.24,26.78,1
5.67,7.51,215.56,28.0,1
9.79,9.92,306.92,21.31,1
7.11,6.62,574.62,36.6,1
6.31,7.42,699.2,25.51,1
5.16,8.48,195.73,29.61,1
5.48,9.09,996.76,29.92,1
6.95,5.34,782.35,21.2,1
6.77,3.0,334.38,34.56,0
6.52,9.62,529.6,34.49,1
5.49,1.97,756.77,37.89,1
8.8,4.54,642.49,27.84,1
8.84,7.97,634.9,20.14,1
5.11,1.64,632.72,21.59,1
4.98,7.48,459.06,28.76,1
5.72,9.97,310.36,26.36,1
9.01,0.41,924.58,34.64,1
8.06,5.84,725.7,30.28,1
8.95,7.01,877.87,31.06,1
7.44,1.97,226.8,25.43,0
8.31,5.53,281.03,33.93,1
4.63,8.53,414.32,21.77,1
5.69,6.48,559.25,39.01,1
7.35,0.68,408.12,22.36,0
4.21,8.55,832.38,28.76,1
6.59,9.02,650.6,32.36,1
9.93,5.83,671.82,20.02,1
8.48,2.26,217.97,26.12,0
8.2,8.91,309.96,36.66,1
6.68,2.42,576.55,24.4,1
6.58,8.83,529.55,31.09,1
4.42,2.13,220.42,25.15,1
8.07,2.62,827.08,27.53,1
7.13,5.42,544.48,31.8,1
8.13,6.2,971.75,32.74,1
8.48,6.83,555.87,24.63,1
9.43,6.44,651.52,20.82,1
9.32,4.59,664.32,33.19,1
9.52,0.79,153.22,37.89,1
6.9,4.33,311.36,35.47,0
8.25,2.02,148.6,36.81,0
5.89,2.84,865.17,31.51,1
8.81,5.83,746.44,23.72,1
6.87,9.44,668.74,23.99,1
7.86,3.8,511.49,37.31,1
7.06,1.86,401.86,23.95,0
8.84,9.06,972.54,21.95,1
6.95,4.55,289.0,32.0,0
4.1,2.83,127.0,25.34,1
4.85,1.85,843.57,23.12,1
8.7,8.83,874.68,27.41,1
9.49,6.36,674.07,39.95,1
5.48,6.5,751.12,30.95,1
7.17,3.32,243.01,38.65,0
8.24,4.03,205.59,24.82,0
4.62,2.45,918.48,35.27,1
5.72,7.18,706.51,34.37,1
6.66,9.48,809.1,32.66,1
8.64,9.76,811.67,29.59,1
9.92,6.96,241.49,39.5,1
8.01,2.95,357.91,38.44,0
5.43,4.67,734.03,36.75,1
6.18,2.18,916.6,38.59,1
5.11,2.98,612.71,27.39,1
4.88,3.49,874.06,26.69,1
6.28,5.8,806.41,21.45,1
6.81,4.31,510.42,34.49,1
7.85,6.22,958.41,23.25,1
6.18,6.46,940.71,20.94,1
6.77,0.56,546.59,26.68,1
5.75,3.75,491.26,30.61,1
7.76,8.03,928.53,20.76,1
6.89,6.92,328.31,39.7,1
5.51,3.84,888.76,29.86,1
9.79,6.49,729.62,38.88,1
7.39,2.9,313.81,37.04,0
5.7,9.43,702.62,30.61,1
8.04,5.0,849.16,26.94,1
7.61,7.87,504.72,33.37,1
4.47,4.47,585.11,33.08,1
9.43,5.01,220.48,31.06,1
7.72,1.63,455.98,39.0,0
7.54,6.66,664.37,24.08,1
6.88,1.0,751.42,32.84,1
4.13,4.35,909.12,25.29,1
4.76,0.38,596.46,20.37,1
9.62,3.07,386.24,27.82,1
9.62,7.44,603.9,38.37,1
4.77,3.91,152.84,32.87,1
7.04,5.55,646.67,26.92,1
4.55,8.03,660.41,25.52,1
4.38,5.68,889.18,20.63,1
8.53,4.66,229.98,26.4,1
8.49,0.49,864.85,24.34,1
8.96,4.17,379.65,38.11,1
6.68,7.42,832.81,37.83,1
4.62,7.06,903.67,31.55,1
5.53,3.21,344.94,29.51,1
8.31,3.58,419.4,38.88,0
7.59,3.77,595.74,39.3,1
6.85,5.48,172.73,22.65,1
5.28,8.56,492.46,21.66,1
8.22,5.63,627.45,29.49,1
7.2,4.96,584.09,28.81,1
4.56,0.07,726.78,24.7,1
5.67,9.71,229.03,23.79,1
4.55,6.4,317.91,21.29,1
6.77,6.88,626.26,23.44,1
6.34,9.67,589.6,38.21,1
8.55,0.39,646.08,33.95,1
8.01,7.65,606.87,38.55,1
8.09,4.93,303.24,33.44,0
8.1,8.58,275.75,23.84,1
6.61,3.63,272.6,29.76,0
7.4,4.95,739.53,35.25,1
9.98,0.18,854.66,35.59,1
4.92,9.57,860.45,20.64,1
5.23,4.89,539.81,23.01,1
7.45,0.33,660.86,25.65,1
6.77,3.78,155.11,37.94,0
4.83,3.36,766.85,29.19,1
6.52,8.15,368.25,25.76,1
8.61,0.63,867.16,35.85,1
6.33,9.3,895.4,32.85,1
8.32,9.6,645.72,28.61,1
5.73,4.95,836.22,33.41,1
6.19,2.86,533.75,36.3,1
9.16,1.61,243.5,25.54,1
5.5,1.46,452.99,28.81,1
4.46,9.39,854.78,34.1,1
8.48,9.88,890.02,28.59,1
4.82,4.4,772.9,26.95,1
9.88,8.44,271.15,21.77,1
8.86,6.61,300.26,28.01,1
9.72,7.15,416.18,31.47,1
8.02,6.37,165.41,33.79,1
9.62,9.4,539.86,28.2,1
6.2,3.94,295.63,27.62,1
6.49,1.06,188.42,35.95,1
4.04,1.29,980.63,22.04,1
9.21,0.57,372.44,31.31,1
5.16,6.14,893.13,29.62,1
5.47,1.28,850.86,36.4,1
9.3,0.04,111.16,28.74,1
6.29,1.71,439.41,25.96,1
7.99,1.1,476.86,20.96,0
8.39,2.48,212.65,29.72,0
5.96,1.85,526.99,34.01,1
5.89,3.59,103.22,30.97,1
5.24,2.18,602.79,35.57,1
9.66,9.69,830.53,20.97,1
6.18,3.6,254.35,34.29,1
8.11,5.66,215.91,36.58,1
8.92,7.29,458.29,39.42,1
5.02,3.97,386.78,34.89,1
9.86,6.2,766.9,31.38,1
7.74,3.62,554.99,37.6,1
8.0,8.7,118.05,36.14,1
9.92,8.23,585.58,38.09,1
4.02,2.74,566.99,35.84,1
7.08,0.48,810.51,28.87,1
4.37,4.05,412.48,39.94,1
9.77,9.41,360.48,23.34,1
5.74,2.1,677.96,38.44,1
8.34,9.52,820.59,34.57,1
9.01,0.61,115.91,26.9,1
8.66,4.55,362.81,25.68,1
9.75,9.96,678.97,23.26,1
6.92,7.16,687.79,34.47,1
4.42,2.79,157.12,33.45,1
9.22,6.68,108.84,20.26,1
4.11,5.8,499.52,21.9,1
4.67,3.75,510.81,26.47,1
5.07,0.65,155.22,23.98,1
4.29,4.96,203.0,31.17,1
8.48,5.32,482.8,23.67,1
6.25,3.99,852.63,34.15,1
6.5,6.86,928.04,34.33,1
5.52,6.29,585.77,35.83,1
7.03,3.76,409.98,36.12,0
9.63,8.32,748.52,25.49,1
4.03,1.41,579.31,26.15,1
7.26,6.29,626.51,35.56,1
8.29,6.6,486.46,27.15,1
8.76,3.33,155.52,31.79,1
7.23,1.12,488.84,36.66,0
5.46,2.39,494.21,34.98,1
7.71,8.97,104.86,32.82,1
9.04,8.3,378.73,36.85,1
4.66,3.26,211.69,28.54,1
5.91,5.31,443.77,31.13,1
7.32,2.9,461.68,30.85,0
8.23,9.4,256.58,35.1,1
4.68,8.8,330.63,36.62,1
9.0,6.0,280.2,25.13,1
4.74,8.0,297.54,29.25,1
9.13,1.89,705.4,37.08,1
5.56,2.76,988.48,20.01,1
4.89,8.77,507.0,27.48,1
4.98,3.59,261.62,32.83,1
7.18,3.07,323.04,25.04,0
9.33,5.77,866.73,29.16,1
9.06,4.74,136.07,34.07,1
6.15,4.97,999.98,27.62,1
4.41,2.83,719.67,38.59,1
9.42,5.34,986.45,25.26,1
8.16,3.29,349.17,36.38,0
6.68,3.28,875.7,32.44,1
7.35,6.18,807.5,20.14,1
4.92,2.36,594.34,20.06,1
4.38,4.5,737.2,34.08,1
4.31,0.92,349.28,24.07,1
6.5,8.79,348.86,36.46,1
9.45,1.25,725.87,26.46,1
8.72,7.5,687.96,32.39,1
6.16,2.04,966.75,32.21,1
9.55,8.01,537.67,38.15,1
5.92,9.62,384.0,28.12,1
8.07,4.39,303.49,29.43,0
7.4,3.54,967.45,22.33,1
8.41,1.11,676.3,30.16,1
7.43,6.39,272.38,28.8,1
5.34,3.47,957.47,22.05,1
7.51,8.6,775.08,30.71,1
7.19,3.96,769.56,35.63,1
9.1,2.45,134.88,21.86,1
7.64,5.21,100.02,35.79,1
5.7,7.74,426.47,35.43,1
5.64,5.65,187.53,27.04,1
8.5,5.18,786.47,31.51,1
6.19,1.01,152.54,38.88,1
8.21,9.08,434.09,31.35,1
6.13,5.64,858.33,30.95,1
5.73,0.36,887.75,37.17,1
6.25,3.85,423.21,31.6,1
5.5,5.61,630.59,22.33,1
7.21,8.45,740.26,23.17,1
7.64,6.54,649.49,35.18,1
7.7,0.78,997.52,29.51,1
9.47,6.17,914.18,29.71,1
8.23,2.03,620.81,31.08,1
4.36,7.26,647.55,25.44,1
4.42,7.08,859.66,36.09,1
9.1,3.87,132.6,24.42,1
4.16,5.93,313.99,21.58,1
8.39,1.07,914.97,39.03,1
8.72,5.26,752.53,36.6,1
4.68,1.29,935.28,36.51,1
5.7,5.88,987.79,24.25,1
7.97,4.72,584.94,24.5,1
7.85,1.02,746.09,30.68,1
6.79,3.88,699.2,36.2,1
5.54,2.27,648.6,31.01,1
5.74,4.17,790.75,26.52,1
6.69,9.4,329.23,20.09,1
7.84,8.91,265.08,24.19,1
8.38,0.9,536.57,23.36,1
7.73,7.09,801.73,20.15,1
5.34,1.0,166.66,30.2,1
9.34,9.92,204.19,32.88,1
9.76,7.47,148.12,32.43,1
6.68,7.57,909.28,32.85,1
4.76,9.38,924.58,34.56,1
9.96,8.58,623.36,36.14,1
5.92,2.53,329.27,29.86,1
6.85,5.36,480.92,25.99,1
6.52,4.3,268.0,26.77,0
9.7,6.82,496.43,23.65,1
6.39,0.73,237.99,30.05,1
9.5,9.51,617.99,23.31,1
6.19,1.03,697.51,33.01,1
6.84,2.85,527.51,31.54,1
5.97,4.16,240.29,20.46,1
6.51,5.42,794.3,39.86,1
5.0,2.12,872.55,28.12,1
9.48,6.22,636.73,28.22,1
6.58,8.09,143.55,24.97,1
7.45,5.89,830.22,36.44,1
7.25,2.27,487.09,25.81,0
9.27,4.19,545.2,26.37,1
8.25,0.34,928.83,33.16,1
6.91,3.47,330.53,27.92,0
4.26,1.84,642.32,38.62,1
6.96,2.54,261.77,36.99,0
6.53,8.77,385.63,24.69,1
5.47,1.76,934.69,33.8,1
4.69,3.92,799.54,26.03,1
4.28,2.62,152.69,31.12,1
4.15,9.65,487.41,27.61,1
7.7,4.4,990.2,23.57,1
8.44,6.8,635.26,30.94,1
4.1,0.96,168.87,21.44,1
4.57,6.48,768.38,22.79,1
9.88,1.27,546.79,29.93,1
7.55,1.18,905.93,23.18,1
4.75,5.12,861.05,37.39,1
5.53,4.91,500.79,22.16,1
8.09,4.18,645.63,35.49,1
4.52,1.8,588.89,35.06,1
8.76,2.85,667.0,36.48,1
8.76,4.09,960.88,26.53,1
9.25,8.68,370.72,39.54,1
4.9,8.83,240.33,29.47,1
4.94,4.73,825.52,39.79,1
5.3,5.79,287.6,29.49,1
6.35,0.54,726.63,30.4,1
8.44,7.09,667.4,27.51,1
8.96,7.86,360.44,39.09,1
9.08,5.49,374.23,39.88,1
9.7,2.49,612.89,27.59,1
4.17,2.88,162.69,22.14,1
9.33,1.47,574.99,28.14,1
5.59,5.79,153.11,34.54,1
6.0,2.38,812.25,20.99,1
8.67,2.68,483.84,38.22,1
5.25,5.79,917.54,20.65,1
4.6,2.83,102.36,32.61,1
8.11,8.76,436.97,26.13,1
5.25,5.77,626.24,36.34,1
6.32,0.11,911.6,36.98,1
8.95,2.54,256.32,25.97,1
9.13,5.0,915.82,21.66,1
8.4,4.05,999.14,27.81,1
6.07,6.91,547.49,36.02,1
8.5,1.07,832.54,39.56,1
8.24,7.06,174.62,37.53,1
9.49,9.96,384.34,30.92,1
9.85,4.91,162.63,24.23,1
8.42,7.73,191.66,20.37,1
9.02,6.95,356.2,29.81,1
8.69,5.88,632.72,24.93,1
7.61,2.62,213.34,39.57,0
6.57,8.87,161.24,31.72,1
8.09,9.22,937.88,29.95,1
4.1,9.47,376.98,25.55,1
6.74,6.99,437.02,29.5,1
4.29,7.96,837.13,38.81,1
9.81,0.04,692.5,35.2,1
7.83,8.91,903.22,32.61,1
4.89,2.48,972.98,39.19,1
4.25,8.94,318.12,26.13,1
8.31,4.16,743.89,23.09,1
7.34,8.2,518.12,36.85,1
5.02,4.05,713.62,27.38,1
9.68,4.87,982.88,26.81,1
9.19,0.37,849.38,26.67,1
6.39,2.64,680.7,31.28,1
4.87,8.23,469.49,20.1,1
4.86,5.63,832.86,28.29,1
8.82,5.67,130.12,32.46,1
7.37,2.53,535.67,21.87,1
9.48,2.58,501.37,32.2,1
4.5,7.67,573.53,34.67,1
6.81,0.19,282.48,25.53,0
6.42,6.79,266.89,28.82,1
7.28,5.83,193.08,24.39,1
8.62,6.96,556.26,30.98,1
8.78,4.49,832.01,37.72,1
4.07,3.53,882.8,26.19,1
6.33,4.62,727.29,22.58,1
6.77,3.9,289.99,24.1,0
7.03,2.14,408.81,28.09,0
4.64,4.78,253.29,34.72,1
5.12,1.62,996.4,32.81,1
7.32,6.79,750.61,21.53,1
6.82,5.87,380.5,30.37,1
9.66,3.42,714.15,33.29,1
4.82,3.2,732.1,33.61,1
8.37,0.43,915.76,35.05,1
4.31,3.8,725.67,22.85,1
5.37,7.54,916.87,31.07,1
5.43,0.35,405.52,31.78,1
6.69,3.13,503.69,34.7,1
5.83,8.95,709.94,22.39,1
7.68,8.07,785.38,27.51,1
4.3,2.93,428.45,36.34,1
8.95,1.24,447.15,32.3,1
4.31,9.31,746.61,38.37,1
7.48,4.64,183.94,25.15,0
6.36,9.8,717.61,39.81,1
8.31,9.39,806.19,31.92,1
7.72,7.24,107.61,34.12,1
7.56,7.67,825.26,37.02,1
6.94,3.97,737.57,26.8,1
4.61,7.53,599.56,27.34,1
4.1,2.08,957.69,38.21,1
6.34,6.11,418.28,32.84,1
9.44,8.69,538.07,33.15,1
7.91,5.43,539.71,30.81,1
9.15,8.46,725.76,25.99,1
7.95,3.75,928.32,36.03,1
7.0,7.59,742.95,32.19,1
5.82,8.67,203.49,24.09,1
9.42,0.53,241.18,22.91,1
7.04,3.6,559.53,21.85,1
5.25,7.62,142.02,36.28,1
9.01,4.91,679.45,21.37,1
5.63,3.1,588.93,38.24,1
7.97,5.01,365.76,30.96,1
9.21,2.54,474.22,35.28,1
7.01,4.38,407.2,21.45,0
9.26,8.49,956.45,35.19,1
9.71,3.35,869.67,28.78,1
6.65,0.13,928.27,36.69,1
8.12,5.98,613.99,22.19,1
9.23,5.66,707.46,29.95,1
8.41,3.0,522.76,22.68,1
8.84,0.21,578.72,29.2,1
9.1,3.23,476.91,39.62,1
8.73,3.04,798.73,30.67,1
6.99,5.21,171.15,37.66,1
7.25,5.29,973.6,37.16,1
6.11,0.92,119.14,36.43,1
9.25,2.46,142.62,32.59,1
6.49,2.64,708.06,31.43,1
7.47,7.98,264.44,29.24,1
5.57,7.59,321.8,36.05,1
4.99,7.55,607.99,37.45,1
5.11,0.5,916.84,26.63,1
6.22,3.64,614.12,34.41,1
7.25,5.86,944.21,33.72,1
6.93,3.85,903.64,33.9,1
7.32,1.73,881.3,36.9,1
4.28,2.81,113.66,22.36,1
5.16,4.64,600.68,38.05,1
8.05,5.68,739.5,32.77,1
4.77,2.94,659.05,33.89,1
8.7,5.15,844.83,36.42,1
8.0,4.14,945.3,21.11,1
8.85,2.49,127.45,38.27,1
4.35,7.82,322.67,39.36,1
4.78,1.39,122.66,34.28,1
5.1,1.6,235.15,26.99,1
6.8,9.27,412.89,30.1,1
9.04,3.35,759.87,33.34,1
6.79,6.39,366.41,23.8,1
8.43,8.6,862.32,31.42,1
7.13,8.16,411.5,23.39,1
8.8,5.43,498.25,31.73,1
9.28,3.26,132.45,36.16,1
4.29,4.88,754.68,25.14,1
6.57,2.21,776.43,38.55,1
5.25,8.97,254.58,36.34,1
7.5,5.52,637.9,22.69,1
5.38,9.4,690.81,30.74,1
5.02,1.85,620.1,27.13,1
5.0,2.36,287.65,26.62,1
6.0,5.82,798.88,32.96,1
6.27,5.04,675.36,21.04,1
8.29,8.41,268.61,25.84,1
5.7,9.01,975.37,27.48,1
8.7,6.84,791.35,20.32,1
4.28,6.07,535.87,31.9,1
9.69,6.02,893.63,25.03,1
6.25,2.33,839.89,34.95,1
7.64,5.86,588.01,27.43,1
9.27,3.34,481.36,35.84,1
7.4,8.15,921.05,31.06,1
8.02,7.41,199.84,28.8,1
9.0,5.24,939.98,20.02,1
8.45,9.35,893.28,39.6,1
9.81,6.54,407.51,26.48,1
7.02,7.43,456.03,37.05,1
7.5,0.87,853.23,29.28,1
6.36,0.32,855.44,33.25,1
5.56,3.8,701.99,32.12,1
8.42,5.32,541.97,34.98,1
6.12,0.27,122.18,25.91,1
8.01,5.12,910.52,25.84,1
9.7,1.4,189.95,34.41,1
6.55,9.5,395.03,23.74,1
5.69,2.54,772.44,34.38,1
9.51,9.72,241.59,30.17,1
6.31,1.03,355.23,34.73,1
7.17,0.25,511.76,27.49,1
5.8,2.13,358.34,26.58,1
4.74,8.31,573.48,29.64,1
7.14,8.18,170.9,30.55,1
7.3,6.02,857.36,31.33,1
9.82,8.3,378.51,35.74,1
7.13,7.74,293.78,35.55,1
8.77,1.45,878.41,20.72,1
4.35,3.43,438.66,37.13,1
6.66,0.2,978.27,21.16,1
5.86,5.71,548.91,25.69,1
9.17,1.01,792.45,21.51,1
4.76,5.67,865.94,21.23,1
9.49,1.08,151.41,26.61,1
4.43,7.47,207.6,34.78,1
5.91,5.84,899.68,31.4,1
8.46,9.55,538.48,20.41,1
4.72,7.53,876.96,23.82,1
8.08,3.81,783.85,26.19,1
9.93,9.37,821.09,23.48,1
9.49,5.66,405.84,37.68,1
9.69,7.8,737.39,26.37,1
6.15,5.81,730.71,37.41,1
4.59,6.95,814.29,36.27,1
7.32,4.09,536.86,31.66,1
7.19,0.74,865.49,34.24,1
9.86,4.52,636.02,29.2,1
9.95,7.53,111.71,26.28,1
6.6,3.35,584.63,27.44,1
9.11,1.32,362.49,29.49,1
9.81,9.46,857.17,25.98,1
9.19,8.29,499.82,27.23,1
4.85,2.78,984.29,24.81,1
7.32,8.25,593.94,27.61,1
5.19,2.46,154.83,38.77,1
5.9,1.72,621.36,20.69,1
9.23,0.03,956.77,29.87,1
5.86,0.9,258.51,20.28,1
9.03,8.01,587.92,32.52,1
5.38,4.98,860.86,34.5,1
6.47,8.94,756.29,21.47,1
8.59,2.63,190.92,27.75,1
7.58,5.84,416.2,30.96,1
5.56,5.15,752.82,27.17,1
5.78,9.77,974.22,20.54,1
8.93,5.51,529.5,30.08,1
7.39,3.62,945.98,38.11,1
9.26,1.44,733.74,36.89,1
8.78,3.1,706.65,38.98,1
8.57,2.47,251.9,23.6,1
7.37,9.42,445.97,25.73,1
7.05,8.75,258.7,34.86,1
6.37,6.52,533.64,23.14,1
5.71,3.18,222.67,23.9,1
7.57,5.46,461.2,20.36,1
6.72,2.2,957.22,35.16,1
6.97,6.24,826.62,38.76,1
7.97,6.1,768.19,39.89,1
5.6,0.4,809.04,21.75,1
9.21,7.14,938.95,32.68,1
7.1,3.72,346.42,38.4,0
9.78,8.77,435.36,25.89,1
9.8,1.06,941.53,20.68,1
5.11,7.97,175.01,34.76,1
8.1,7.49,587.8,33.86,1
8.99,7.24,923.49,38.45,1
5.46,7.61,938.91,33.64,1
5.0,8.42,405.93,27.55,1
7.12,0.72,410.44,23.9,0
9.25,1.58,615.21,26.59,1
8.35,3.35,875.51,23.55,1
4.51,3.43,256.72,33.34,1
8.51,4.0,998.17,20.54,1
8.63,2.06,734.38,21.21,1
7.66,8.01,436.46,22.89,1
7.58,4.54,305.81,21.73,0
4.74,8.26,159.68,39.92,1
4.3,2.88,570.95,36.06,1
8.46,2.04,279.25,26.11,0
8.3,4.84,218.15,24.18,0
7.82,0.21,387.46,38.89,0
5.35,1.99,497.38,30.47,1
6.72,4.8,153.2,29.67,0
5.86,2.52,502.38,36.7,1
5.73,0.66,916.47,37.01,1
6.31,2.09,232.98,35.13,1
4.37,0.82,178.46,25.9,1
9.43,5.61,116.65,20.92,1
9.37,2.44,596.35,34.61,1
9.35,5.46,743.81,37.81,1
5.06,0.2,218.91,37.06,1
6.14,2.42,176.68,25.27,1
4.88,5.29,315.46,39.73,1
4.36,0.34,287.37,32.42,1
6.31,0.35,722.73,37.81,1
5.19,9.39,967.24,33.25,1
7.92,8.02,584.98,27.15,1
7.64,5.05,993.11,30.94,1
6.15,3.59,159.19,38.48,1
5.91,3.82,577.47,35.27,1
5.98,1.16,535.18,34.77,1
7.01,8.81,621.78,38.54,1
5.57,1.71,190.82,22.12,1
9.33,3.49,525.25,36.43,1
8.54,6.91,618.18,22.02,1
9.39,1.71,122.93,24.78,1
5.48,5.96,952.38,39.99,1
9.21,5.24,751.14,20.21,1
6.33,4.58,506.11,26.74,1
8.77,3.32,528.15,39.69,1
5.05,3.03,593.4,26.33,1
7.77,0.34,820.13,34.98,1
8.27,5.01,346.26,25.94,1
5.22,4.75,105.81,21.32,1
9.34,5.68,186.93,25.97,1
5.13,6.35,268.78,27.59,1
5.49,3.71,304.16,21.4,1
8.52,6.29,223.7,31.35,1
7.07,9.62,552.38,31.73,1
8.06,1.78,173.51,39.25,0
5.04,4.92,356.09,26.58,1
7.09,2.34,287.57,25.07,0
8.36,3.98,709.08,36.63,1
8.64,0.26,147.0,27.05,1
5.37,2.69,330.99,27.27,1
9.64,8.27,511.16,23.04,1
8.14,8.67,591.08,24.89,1
9.33,1.66,185.49,24.64,1
4.85,6.83,227.67,22.42,1
5.87,8.81,957.36,34.45,1
5.02,0.8,396.68,34.31,1
5.8,3.0,387.97,27.15,1
5.7,0.12,880.33,36.63,1
6.97,2.56,793.59,30.04,1
9.91,5.13,256.61,20.92,1
6.74,3.15,683.11,24.43,1
9.12,2.06,490.97,20.14,1
7.84,0.86,176.74,36.17,0
5.46,8.34,540.14,20.16,1
5.77,7.3,365.43,26.2,1
7.86,5.6,846.13,29.81,1
9.46,1.28,857.79,34.49,1
6.22,3.1,673.34,31.03,1
7.12,4.05,949.17,37.66,1
6.47,3.8,957.45,27.81,1
8.74,7.48,137.32,23.71,1
9.79,7.42,156.02,34.85,1
9.63,7.02,334.66,29.79,1
7.38,1.51,728.38,35.8,1
5.68,5.59,723.64,26.18,1
8.85,5.09,682.33,21.25,1
8.03,8.37,399.98,30.55,1
9.22,5.83,854.62,37.01,1
5.25,6.89,196.25,37.15,1
7.56,2.9,455.02,38.31,0
5.96,4.86,650.95,37.17,1
6.29,2.16,880.11,22.09,1
4.06,4.61,493.4,34.36,1
9.86,7.04,657.17,27.12,1
9.15,3.66,924.08,33.35,1
5.97,4.05,514.68,34.91,1
7.74,4.55,632.77,23.45,1
8.11,8.84,737.83,31.47,1
7.24,1.09,397.07,34.71,0
4.99,4.78,783.88,31.45,1
6.37,2.85,847.38,26.99,1
6.23,8.94,831.44,37.43,1
4.02,1.93,269.06,36.44,1
4.95,1.04,292.52,22.71,1
5.9,6.13,855.7,29.64,1
5.88,1.54,771.63,24.78,1
5.43,1.3,240.28,36.29,1
7.98,0.39,768.6,23.78,1
6.98,0.34,721.41,39.16,1
4.29,0.23,620.49,23.73,1
7.79,3.4,816.89,21.79,1
5.21,9.46,668.29,30.56,1
5.93,1.92,219.55,29.99,1
5.8,2.32,135.33,23.01,1
7.71,7.92,972.64,30.37,1
6.7,4.38,899.59,36.78,1
4.42,8.78,836.72,25.33,1
5.2,4.6,735.03,32.71,1
8.36,5.04,980.99,30.66,1
7.85,1.34,136.76,24.59,0
5.31,5.08,477.56,28.89,1
4.39,9.61,695.27,25.4,1
8.46,6.77,869.68,32.02,1
9.31,3.45,435.59,28.22,1
8.26,0.83,705.35,26.59,1
6.34,6.36,209.35,27.04,1
9.06,7.68,226.93,30.41,1
8.27,1.13,347.27,39.93,0
7.23,3.39,133.41,26.2,0
4.81,6.63,460.26,34.01,1
4.33,5.05,734.39,39.96,1
9.47,3.97,735.34,27.52,1
7.01,6.27,363.94,20.14,1
5.45,5.23,568.36,22.94,1
7.47,3.25,492.53,37.15,0
7.68,6.04,624.01,34.58,1
8.2,5.52,137.57,28.64,1
4.93,1.67,753.53,29.18,1
4.22,0.84,393.91,27.48,1
5.08,3.95,851.47,25.89,1
9.16,3.24,107.53,25.72,1
7.84,5.49,849.08,29.48,1
7.38,9.51,412.62,28.66,1
6.97,1.91,260.54,34.21,0
4.72,7.19,193.65,35.89,1
9.47,8.17,305.63,37.37,1
9.54,2.96,989.99,39.36,1
6.8,1.92,261.39,24.47,0
8.12,8.11,963.34,36.11,1
9.55,5.24,687.2,28.56,1
9.92,8.12,368.06,23.59,1
8.11,7.0,176.28,36.61,1
6.59,5.39,733.88,22.84,1
6.46,1.6,138.69,28.85,1
5.43,6.03,588.24,39.33,1
6.52,0.73,205.4,37.78,0
8.21,8.13,148.43,25.24,1
8.57,4.36,133.18,31.34,1
8.36,6.97,905.17,30.85,1
9.52,1.02,364.75,25.6,1
4.61,5.1,161.89,27.16,1
8.07,3.73,131.12,34.0,0
6.7,1.49,417.38,34.88,0
6.5,4.33,167.21,38.97,0
5.71,9.58,607.08,36.69,1
8.89,5.09,807.29,23.36,1
5.72,1.91,562.8,24.3,1
5.33,2.69,344.54,20.8,1
6.68,8.53,689.86,30.5,1
8.87,3.66,287.97,20.97,1
6.93,0.39,826.69,29.37,1
7.79,9.56,579.88,35.2,1
7.2,5.17,312.63,26.64,1
9.48,6.72,165.42,32.58,1
7.63,6.19,516.38,29.22,1
8.41,2.03,687.94,37.65,1
8.12,5.87,290.42,37.59,1
6.11,9.43,365.62,39.04,1
6.12,5.8,489.4,32.65,1
8.49,8.58,963.88,36.02,1
6.25,5.26,748.22,31.12,1
8.56,6.0,289.89,29.29,1
8.66,8.5,277.86,22.74,1
9.18,5.17,999.54,24.32,1
6.94,6.76,607.4,29.38,1
6.57,6.55,999.5,27.12,1
8.59,3.41,836.6,37.39,1
6.68,1.31,192.44,29.37,0
5.8,8.79,953.5,28.09,1
7.31,0.64,562.5,31.63,1
6.79,1.38,594.62,22.87,1
7.96,2.12,422.22,24.22,0
5.87,2.7,793.97,29.98,1
4.74,4.95,599.08,28.59,1
9.82,2.6,995.43,20.81,1
8.4,4.53,714.31,20.47,1
9.14,3.93,942.92,29.2,1
5.14,4.87,259.27,27.83,1
6.72,5.65,304.16,25.24,1
8.99,2.65,302.03,32.88,1
6.73,1.57,717.49,20.19,1
4.51,5.59,301.52,33.03,1
4.79,3.44,890.02,24.35,1
6.17,2.97,795.34,35.79,1
5.77,1.4,814.74,26.29,1
8.25,0.26,422.11,20.72,0
7.05,2.92,248.06,25.08,0
4.63,6.75,854.63,21.21,1
7.27,5.98,992.33,28.83,1
5.86,6.95,150.13,23.24,1
4.59,4.0,492.54,37.02,1
6.35,8.01,774.5,26.17,1
9.59,7.36,675.04,24.93,1
5.34,1.92,302.14,25.03,1
7.63,5.28,921.96,30.13,1
8.27,3.43,913.85,28.96,1
9.65,0.84,175.82,24.86,1
7.5,5.77,686.77,28.03,1
8.89,8.73,783.75,31.04,1
7.61,0.03,730.9,24.28,1
6.39,6.93,130.91,25.48,1
6.07,0.15,470.17,29.76,1
9.39,8.53,240.32,24.86,1
5.63,4.81,360.09,20.34,1
9.06,3.65,265.04,31.76,1
6.62,1.14,492.9,31.28,0
5.33,4.55,650.26,23.68,1
7.01,4.76,262.32,30.97,0
7.77,4.63,352.01,20.32,0
6.1,5.3,288.69,24.87,1
5.27,1.45,896.34,39.78,1
5.64,6.78,156.46,31.17,1
7.89,9.49,950.88,21.32,1
7.19,1.25,797.17,24.46,1
9.85,7.7,552.2,35.69,1
4.74,7.69,916.04,21.83,1
6.07,4.5,717.61,38.23,1
6.21,7.67,695.27,39.69,1
4.39,6.43,528.09,28.57,1
4.6,3.27,538.93,20.98,1
8.77,8.49,421.17,33.55,1
9.43,3.56,835.85,31.39,1
4.73,8.58,349.15,38.19,1
5.89,5.0,339.76,25.22,1
7.42,0.68,928.51,22.16,1
5.59,7.87,252.27,20.96,1
6.56,6.72,451.35,24.74,1
7.82,6.17,664.9,27.05,1
8.79,0.07,323.84,27.1,1
6.61,8.29,922.11,25.04,1
6.71,9.03,741.07,37.83,1
8.5,2.7,383.48,23.89,0
9.46,7.87,814.08,25.34,1
8.65,8.51,682.61,29.15,1
8.57,2.22,874.88,36.53,1
9.45,3.06,258.8,32.47,1
7.12,5.55,667.15,34.6,1
7.07,2.0,796.38,39.93,1
9.06,2.28,176.07,30.91,1
7.45,6.77,669.8,37.22,1
4.7,4.33,550.4,23.84,1
4.56,6.74,476.45,30.28,1
7.14,0.68,670.56,37.15,1
4.41,0.13,249.97,26.21,1
7.37,5.88,200.79,26.99,1
8.1,0.68,702.4,26.69,1
6.94,0.71,825.19,29.53,1
6.78,2.95,747.69,23.0,1
8.39,1.17,691.69,29.13,1
4.96,7.24,969.32,33.39,1
7.6,1.34,263.55,33.15,0
5.24,4.05,327.63,36.4,1
8.87,0.81,655.04,24.58,1
8.02,7.32,638.53,36.92,1
7.11,7.81,516.95,37.59,1
9.22,1.73,403.84,34.22,1
6.45,2.93,141.42,25.56,1
4.01,8.39,976.8,26.41,1
4.96,8.59,273.74,30.29,1
9.38,3.11,446.03,20.05,1
8.72,8.82,140.93,27.12,1
9.39,0.22,922.71,38.27,1
7.3,8.17,615.36,25.82,1
8.46,9.14,661.44,33.63,1
5.55,1.38,159.92,34.51,1
6.29,6.93,501.88,38.37,1
7.95,0.4,242.05,29.66,0
4.16,3.8,911.61,20.91,1
8.7,3.41,124.24,37.53,1
6.95,8.95,187.84,29.96,1
5.61,4.43,711.34,30.19,1
6.31,1.37,302.17,23.07,1
9.65,4.75,455.43,25.76,1
4.33,2.47,911.2,38.63,1
8.35,8.39,566.09,34.0,1
6.59,3.59,369.84,30.57,0
7.79,0.76,749.52,37.05,1
8.05,8.13,624.93,32.42,1
9.53,7.14,427.5,24.2,1
5.03,6.9,270.07,30.14,1
5.35,0.36,545.22,39.79,1
9.87,5.98,896.84,30.81,1
8.92,3.66,140.21,33.0,1
9.48,2.47,897.13,27.82,1
8.91,9.73,203.06,20.08,1
5.92,8.8,147.28,28.93,1
4.26,3.23,369.52,39.69,1
4.61,5.61,243.87,26.03,1
8.45,3.87,145.7,35.38,0
9.51,0.41,446.6,20.78,1
7.62,7.71,447.83,29.3,1
7.62,2.35,784.1,35.08,1
8.14,2.71,454.16,30.94,0
9.64,6.84,791.37,27.79,1
4.74,4.1,610.89,28.87,1
4.01,7.86,166.66,36.19,1
7.57,9.44,728.9,38.36,1
